-1,-1,-1,-1,6,-1,-1,-1,-1,-1,-1,-1,-1,-1,-1,4
-1,-1,-1,-1,6,-1,-1,-1,-1,-1,-1,-1,-1,-1,-1,4
-1,-1,-1,-1,6,-1,-1,-1,-1,-1,-1,-1,-1,-1,-1,4
-1,-1,-1,-1,6,-1,-1,-1,-1,-1,-1,-1,-1,-1,-1,4
-1,-1,-1,-1,6,15,-1,-1,-1,-1,-1,-1,-1,-1,14,4
-1,-1,-1,-1,5,2,3,-1,-1,-1,-1,-1,-1,-1,1,5
-1,-1,-1,-1,-1,-1,12,-1,-1,-1,-1,-1,-1,-1,-1,4
-1,-1,-1,-1,-1,-1,12,-1,-1,-1,-1,-1,-1,-1,-1,4
-1,-1,-1,-1,-1,-1,12,-1,-1,-1,-1,-1,-1,-1,-1,4
-1,-1,-1,-1,-1,-1,12,-1,-1,-1,-1,-1,-1,-1,-1,4
-1,-1,-1,-1,-1,-1,12,-1,-1,-1,-1,-1,-1,-1,-1,4
-1,-1,-1,-1,-1,-1,12,-1,-1,-1,-1,-1,-1,-1,-1,4
-1,-1,-1,-1,-1,-1,5,13,13,13,13,14,-1,-1,-1,4
-1,-1,-1,-1,-1,-1,-1,-1,-1,-1,-1,12,-1,-1,-1,4
-1,-1,-1,-1,-1,-1,-1,-1,-1,-1,-1,12,-1,-1,-1,4
-1,-1,-1,-1,-1,-1,-1,-1,-1,-1,-1,12,-1,-1,-1,4
-1,-1,-1,-1,-1,-1,-1,-1,-1,-1,-1,12,-1,-1,-1,4
-1,-1,-1,-1,-1,-1,-1,-1,-1,-1,-1,6,-1,-1,-1,4
-1,-1,-1,-1,-1,-1,-1,-1,-1,-1,-1,6,14,-1,-1,4
-1,-1,-1,-1,-1,-1,-1,-1,-1,-1,-1,5,3,-1,-1,4
-1,-1,-1,-1,-1,-1,-1,-1,-1,-1,-1,6,-1,-1,4,4
-1,-1,-1,-1,-1,-1,-1,-1,-1,-1,-1,6,-1,-1,4,-1
-1,-1,-1,-1,-1,-1,-1,-1,-1,-1,-1,6,-1,-1,4,-1
-1,-1,-1,-1,-1,-1,-1,-1,-1,-1,-1,6,-1,-1,4,4
-1,-1,-1,-1,-1,-1,-1,-1,-1,-1,-1,6,-1,-1,-1,4
-1,-1,-1,-1,-1,-1,-1,-1,-1,-1,-1,6,-1,-1,-1,4
-1,-1,-1,-1,-1,-1,-1,-1,-1,-1,-1,6,-1,-1,-1,11
-1,-1,-1,-1,-1,-1,-1,-1,-1,-1,-1,6,-1,-1,-1,11
-1,-1,-1,-1,-1,-1,-1,-1,-1,-1,-1,6,-1,-1,-1,11
-1,-1,-1,-1,-1,-1,-1,-1,-1,-1,-1,6,-1,-1,-1,11
-1,-1,-1,-1,-1,-1,-1,-1,-1,-1,-1,6,-1,-1,-1,11
-1,-1,-1,-1,-1,-1,-1,-1,-1,-1,-1,6,-1,-1,-1,11
-1,-1,-1,-1,-1,-1,-1,-1,-1,-1,-1,6,-1,-1,-1,11
-1,-1,-1,-1,-1,-1,-1,-1,-1,-1,-1,6,-1,-1,-1,11
-1,-1,-1,-1,-1,-1,-1,-1,-1,-1,-1,6,-1,-1,-1,11
-1,-1,-1,-1,-1,-1,-1,-1,-1,-1,-1,6,-1,-1,-1,11
-1,-1,-1,-1,-1,-1,-1,-1,-1,-1,-1,6,-1,-1,-1,11
-1,-1,-1,-1,-1,-1,-1,-1,-1,-1,-1,6,-1,-1,-1,11
-1,-1,-1,-1,-1,-1,-1,-1,-1,-1,-1,6,-1,-1,-1,11
-1,-1,-1,-1,-1,-1,-1,-1,-1,-1,-1,6,-1,-1,-1,11
-1,-1,-1,-1,-1,-1,-1,-1,-1,-1,-1,6,-1,-1,-1,11
-1,-1,-1,-1,-1,-1,-1,-1,-1,-1,-1,6,-1,-1,-1,11
-1,-1,-1,-1,-1,-1,-1,-1,-1,-1,-1,6,-1,-1,-1,11
-1,-1,-1,-1,-1,-1,-1,-1,-1,-1,-1,6,-1,-1,-1,11
-1,-1,-1,-1,-1,-1,-1,-1,-1,-1,-1,6,-1,-1,-1,11
-1,-1,-1,-1,-1,-1,-1,-1,-1,-1,-1,6,-1,-1,-1,11
-1,-1,-1,-1,-1,-1,-1,-1,-1,-1,-1,6,-1,-1,-1,11
-1,-1,-1,-1,-1,-1,-1,-1,-1,-1,-1,6,-1,-1,-1,11
-1,-1,-1,-1,-1,-1,-1,-1,-1,-1,-1,6,-1,-1,-1,11
-1,-1,-1,-1,-1,-1,-1,-1,-1,-1,-1,6,-1,-1,-1,11
-1,-1,-1,-1,-1,-1,-1,-1,-1,-1,-1,6,-1,-1,-1,11
-1,-1,-1,-1,-1,-1,-1,-1,-1,-1,-1,6,-1,-1,-1,11
-1,-1,-1,-1,-1,-1,-1,-1,-1,-1,-1,6,-1,-1,-1,11
-1,-1,-1,-1,-1,-1,-1,-1,-1,-1,-1,6,-1,-1,-1,11
-1,-1,-1,-1,-1,-1,-1,-1,-1,-1,-1,6,-1,-1,-1,11
-1,-1,-1,-1,-1,-1,-1,-1,-1,-1,-1,6,-1,-1,-1,4
-1,-1,-1,-1,-1,-1,-1,-1,-1,-1,-1,6,-1,-1,-1,4
-1,-1,-1,-1,5,10,10,10,10,10,10,5,2,3,-1,4
-1,-1,-1,-1,6,-1,-1,-1,-1,-1,-1,-1,-1,-1,-1,4
-1,-1,-1,-1,6,-1,-1,-1,-1,-1,-1,-1,-1,-1,-1,4
-1,-1,-1,-1,6,-1,-1,-1,-1,-1,-1,-1,-1,-1,-1,4
-1,-1,-1,-1,6,14,-1,-1,-1,-1,-1,-1,-1,-1,-1,4
-1,-1,-1,-1,5,3,-1,-1,-1,-1,-1,-1,-1,-1,1,5
-1,-1,-1,-1,6,14,-1,-1,-1,-1,-1,-1,-1,-1,-1,4
-1,-1,-1,-1,5,3,-1,-1,-1,-1,-1,-1,-1,-1,-1,4
-1,-1,-1,-1,6,14,-1,-1,-1,-1,-1,-1,-1,-1,14,4
-1,-1,-1,-1,5,3,-1,-1,-1,-1,-1,1,2,2,2,5
-1,-1,-1,-1,6,14,-1,-1,-1,-1,-1,-1,-1,-1,-1,4
-1,-1,-1,-1,5,3,-1,-1,-1,-1,-1,-1,-1,-1,-1,4
-1,-1,-1,-1,6,14,-1,-1,-1,-1,-1,-1,-1,-1,-1,4
-1,-1,-1,-1,5,3,-1,-1,-1,-1,-1,-1,-1,-1,-1,4
-1,-1,-1,-1,6,-1,-1,-1,-1,-1,-1,-1,-1,-1,-1,4
-1,-1,-1,-1,6,-1,-1,-1,-1,-1,-1,-1,-1,-1,14,4
-1,-1,-1,-1,6,-1,2,2,2,2,2,2,2,2,2,5
-1,-1,-1,-1,6,-1,-1,-1,-1,-1,-1,-1,-1,-1,-1,4
-1,-1,-1,-1,6,-1,-1,-1,-1,-1,-1,-1,-1,-1,-1,4
-1,-1,-1,-1,6,-1,-1,-1,-1,-1,-1,-1,-1,-1,-1,11
-1,-1,-1,-1,6,-1,-1,-1,-1,-1,-1,-1,-1,-1,-1,11
-1,-1,-1,-1,6,-1,-1,-1,-1,-1,-1,-1,-1,-1,-1,11
-1,-1,-1,-1,6,-1,-1,-1,-1,-1,-1,-1,-1,-1,-1,11
-1,-1,-1,-1,6,-1,-1,-1,-1,-1,-1,-1,-1,-1,-1,11
-1,-1,-1,-1,6,-1,-1,-1,-1,-1,-1,-1,-1,-1,-1,11
-1,-1,-1,-1,6,-1,-1,-1,-1,-1,-1,-1,-1,-1,-1,11
-1,-1,-1,-1,6,-1,-1,-1,-1,-1,-1,-1,-1,-1,-1,11
-1,-1,-1,-1,6,-1,-1,-1,-1,-1,-1,-1,-1,-1,-1,11
-1,-1,-1,-1,6,-1,-1,-1,-1,-1,-1,-1,-1,-1,-1,11
-1,-1,-1,-1,6,-1,-1,-1,-1,-1,-1,-1,-1,-1,-1,11
-1,-1,-1,-1,6,-1,-1,-1,-1,-1,-1,-1,-1,-1,-1,11
-1,-1,-1,-1,6,-1,-1,-1,-1,-1,-1,-1,-1,-1,-1,11
-1,-1,-1,-1,6,-1,-1,-1,-1,-1,-1,-1,-1,-1,-1,11
-1,-1,-1,-1,6,-1,-1,-1,-1,-1,-1,-1,-1,-1,-1,11
-1,-1,-1,-1,6,-1,-1,-1,-1,-1,-1,-1,-1,-1,-1,11
-1,-1,-1,-1,6,-1,-1,-1,-1,-1,-1,-1,-1,-1,-1,11
-1,-1,-1,-1,6,-1,-1,-1,-1,-1,-1,-1,-1,-1,-1,11
-1,-1,-1,-1,6,-1,-1,-1,-1,-1,-1,-1,-1,-1,-1,11
-1,-1,-1,-1,6,-1,-1,-1,-1,-1,-1,-1,-1,-1,-1,11
-1,-1,-1,-1,6,-1,-1,-1,-1,-1,-1,-1,-1,-1,-1,11
-1,-1,-1,-1,6,-1,-1,-1,-1,-1,-1,-1,-1,-1,-1,11
-1,-1,-1,-1,6,-1,-1,-1,-1,-1,-1,-1,-1,-1,-1,11
-1,-1,-1,-1,6,-1,-1,-1,-1,-1,-1,-1,-1,-1,-1,11
-1,-1,-1,-1,6,-1,-1,-1,-1,-1,-1,-1,-1,-1,-1,11
-1,-1,-1,-1,6,-1,-1,-1,-1,-1,-1,-1,-1,-1,-1,11
-1,-1,-1,-1,6,-1,-1,-1,-1,-1,-1,-1,-1,-1,-1,11
-1,-1,-1,-1,6,-1,-1,-1,-1,-1,-1,-1,-1,-1,-1,4
-1,-1,-1,-1,6,-1,-1,-1,-1,-1,-1,-1,-1,-1,-1,4
-1,-1,-1,-1,6,-1,-1,-1,-1,-1,-1,-1,-1,-1,-1,4
-1,-1,-1,-1,6,-1,-1,-1,-1,-1,-1,-1,-1,-1,-1,4
-1,-1,-1,-1,6,-1,-1,-1,-1,-1,-1,-1,-1,-1,-1,4
-1,-1,-1,-1,6,-1,-1,-1,-1,-1,-1,-1,-1,-1,-1,4
-1,-1,-1,-1,6,13,14,-1,-1,-1,-1,-1,-1,-1,-1,4
5,8,8,8,5,2,2,2,2,2,2,3,-1,-1,-1,4
6,-1,-1,-1,-1,-1,-1,-1,-1,-1,14,6,-1,-1,-1,4
6,-1,-1,-1,-1,-1,-1,-1,-1,-1,1,6,-1,-1,-1,4
6,-1,-1,-1,-1,-1,-1,-1,-1,-1,-1,6,-1,-1,-1,4
6,-1,-1,-1,-1,-1,-1,-1,-1,-1,-1,6,-1,-1,-1,4
6,-1,-1,-1,-1,-1,-1,-1,-1,-1,-1,6,-1,-1,-1,4
6,-1,-1,-1,-1,-1,-1,-1,-1,-1,16,6,-1,-1,-1,4
6,-1,-1,-1,-1,-1,-1,5,9,9,9,9,-1,-1,-1,4
6,-1,-1,-1,-1,-1,-1,6,-1,-1,-1,-1,-1,-1,-1,4
6,-1,-1,-1,-1,-1,-1,6,-1,-1,-1,-1,-1,-1,-1,4
6,6,-1,-1,-1,-1,-1,6,-1,-1,-1,-1,-1,-1,-1,4
-1,6,3,-1,-1,-1,-1,6,-1,-1,-1,-1,-1,-1,-1,4
6,6,-1,-1,-1,-1,-1,6,-1,-1,-1,-1,-1,-1,-1,4
6,14,-1,-1,-1,-1,-1,6,-1,-1,-1,-1,-1,-1,-1,4
6,3,-1,-1,-1,-1,-1,6,-1,-1,-1,-1,-1,-1,-1,4
6,-1,-1,-1,-1,-1,-1,6,-1,-1,-1,-1,-1,-1,-1,4
6,-1,-1,-1,-1,-1,1,6,-1,-1,-1,-1,-1,-1,-1,4
6,3,-1,-1,-1,-1,-1,6,-1,-1,-1,-1,-1,-1,-1,4
6,-1,-1,-1,-1,-1,-1,6,-1,-1,-1,-1,-1,-1,-1,4
6,-1,-1,-1,-1,-1,1,6,-1,-1,-1,-1,-1,-1,-1,4
6,6,-1,-1,-1,-1,-1,6,14,-1,-1,-1,-1,-1,4,4
-1,6,-1,-1,-1,-1,-1,5,3,-1,-1,-1,-1,-1,4,-1
6,6,-1,-1,-1,-1,1,6,-1,-1,-1,-1,-1,-1,4,-1
6,-1,-1,-1,-1,-1,-1,6,-1,-1,-1,-1,-1,-1,4,-1
6,-1,-1,-1,-1,-1,-1,6,-1,-1,-1,-1,-1,-1,4,-1
6,3,-1,-1,-1,-1,-1,6,-1,-1,-1,-1,-1,-1,4,-1
6,-1,-1,-1,-1,-1,-1,6,-1,-1,-1,-1,-1,-1,4,-1
6,-1,-1,-1,-1,-1,-1,6,-1,-1,-1,-1,-1,-1,4,-1
6,-1,-1,-1,-1,-1,-1,6,14,-1,-1,-1,-1,-1,4,-1
6,-1,-1,-1,-1,1,2,5,3,-1,-1,-1,-1,-1,4,-1
6,-1,-1,-1,-1,-1,-1,-1,6,-1,-1,-1,-1,-1,4,-1
6,6,-1,-1,-1,-1,-1,-1,6,-1,-1,-1,-1,-1,4,-1
6,6,-1,-1,-1,-1,-1,-1,6,-1,-1,-1,-1,-1,4,-1
6,-1,-1,-1,-1,-1,-1,-1,6,-1,-1,-1,-1,-1,4,-1
6,-1,-1,-1,-1,-1,-1,14,6,-1,-1,-1,-1,1,5,-1
6,-1,-1,-1,-1,-1,-1,1,6,-1,-1,-1,-1,4,-1,-1
6,-1,-1,-1,-1,-1,-1,14,6,-1,-1,-1,-1,4,-1,-1
6,-1,-1,-1,-1,-1,-1,1,6,-1,-1,-1,-1,4,-1,-1
6,-1,-1,-1,-1,-1,-1,-1,6,-1,-1,-1,-1,4,-1,-1
6,2,3,-1,-1,-1,-1,-1,6,-1,-1,-1,-1,4,-1,-1
6,-1,-1,-1,-1,-1,-1,-1,6,-1,-1,-1,-1,4,-1,-1
6,-1,-1,-1,-1,-1,-1,-1,6,-1,-1,-1,-1,4,-1,-1
6,-1,-1,-1,-1,-1,-1,-1,6,-1,-1,-1,-1,4,-1,-1
6,-1,-1,-1,-1,-1,-1,-1,6,-1,-1,-1,-1,4,-1,-1
6,-1,-1,-1,-1,-1,2,2,6,-1,-1,-1,-1,4,-1,-1
6,-1,-1,-1,-1,-1,-1,-1,6,-1,-1,-1,-1,4,-1,-1
6,-1,-1,-1,-1,-1,-1,-1,6,-1,-1,-1,14,4,-1,-1
6,-1,-1,-1,-1,-1,-1,14,6,-1,-1,-1,4,4,-1,-1
6,2,3,-1,-1,-1,-1,1,6,-1,-1,-1,4,-1,-1,-1
6,-1,-1,-1,-1,-1,-1,14,6,-1,-1,-1,4,-1,-1,-1
6,-1,-1,-1,-1,-1,-1,1,6,-1,-1,-1,4,-1,-1,-1
6,-1,-1,-1,-1,-1,-1,-1,6,-1,-1,-1,4,-1,-1,-1
6,-1,-1,-1,-1,-1,-1,-1,6,-1,-1,-1,4,-1,-1,-1
6,-1,-1,-1,-1,-1,-1,-1,6,-1,-1,-1,4,-1,-1,-1
6,-1,-1,-1,-1,-1,2,2,6,-1,-1,-1,4,-1,-1,-1
6,-1,-1,-1,-1,-1,-1,-1,6,-1,-1,-1,4,-1,-1,-1
6,-1,-1,-1,-1,-1,-1,-1,6,-1,-1,-1,4,-1,-1,-1
6,-1,-1,-1,-1,-1,-1,-1,6,-1,-1,-1,4,-1,-1,-1
6,-1,-1,-1,-1,-1,-1,-1,6,-1,-1,-1,4,-1,-1,-1
6,2,3,-1,-1,-1,-1,-1,6,-1,-1,-1,4,-1,-1,-1
6,-1,-1,-1,-1,-1,-1,-1,6,-1,-1,-1,4,-1,-1,-1
6,-1,-1,-1,-1,-1,-1,-1,6,-1,-1,-1,4,-1,-1,-1
6,-1,-1,-1,-1,-1,-1,-1,6,-1,-1,-1,4,-1,-1,-1
6,-1,-1,-1,-1,-1,-1,6,6,-1,-1,-1,4,-1,-1,-1
6,-1,-1,-1,-1,-1,6,6,-1,-1,-1,-1,4,-1,-1,-1
6,-1,-1,-1,-1,-1,6,-1,-1,-1,-1,-1,4,-1,-1,-1
6,-1,-1,-1,-1,6,6,-1,-1,-1,-1,14,4,-1,-1,-1
6,-1,-1,-1,1,6,12,-1,-1,-1,-1,4,4,-1,-1,-1
6,-1,-1,-1,-1,6,12,-1,-1,-1,-1,4,-1,-1,-1,-1
6,-1,-1,-1,-1,6,12,-1,-1,-1,-1,4,-1,-1,-1,-1
6,-1,-1,-1,-1,6,12,-1,-1,-1,-1,4,-1,-1,-1,-1
6,-1,-1,-1,14,6,12,-1,-1,-1,-1,4,-1,-1,-1,-1
6,-1,-1,-1,1,6,12,-1,-1,-1,-1,4,-1,-1,-1,-1
6,6,-1,-1,-1,6,12,-1,-1,-1,-1,4,-1,-1,-1,-1
6,6,-1,-1,-1,6,12,-1,-1,-1,-1,4,-1,-1,-1,-1
6,-1,-1,-1,-1,6,12,-1,-1,-1,-1,4,-1,-1,-1,-1
6,-1,-1,-1,-1,6,12,-1,-1,-1,-1,4,-1,-1,-1,-1
6,-1,-1,-1,-1,6,12,-1,-1,-1,-1,4,-1,-1,-1,-1
6,-1,-1,-1,-1,6,12,-1,-1,-1,-1,4,-1,-1,-1,-1
6,-1,-1,-1,-1,6,12,-1,-1,-1,-1,4,-1,-1,-1,-1
6,-1,-1,-1,-1,6,12,-1,-1,-1,-1,4,-1,-1,-1,-1
6,-1,-1,-1,1,6,12,-1,-1,-1,-1,4,-1,-1,-1,-1
6,-1,-1,-1,10,6,12,-1,-1,-1,-1,4,-1,-1,-1,-1
6,-1,-1,-1,-1,6,-1,-1,-1,-1,-1,4,-1,-1,-1,-1
6,-1,-1,-1,-1,6,-1,-1,-1,-1,-1,4,-1,-1,-1,-1
6,-1,-1,-1,-1,6,-1,-1,-1,-1,-1,4,-1,-1,-1,-1
6,-1,-1,-1,-1,6,-1,-1,-1,-1,-1,4,-1,-1,-1,-1
6,6,-1,-1,-1,6,-1,-1,-1,-1,-1,4,-1,-1,-1,-1
6,6,-1,-1,-1,6,-1,-1,-1,-1,-1,4,-1,-1,-1,-1
6,-1,-1,-1,-1,6,-1,-1,-1,-1,-1,4,-1,-1,-1,-1
6,-1,-1,-1,-1,6,-1,-1,-1,-1,-1,4,-1,-1,-1,-1
6,-1,-1,-1,-1,6,-1,-1,-1,-1,-1,4,-1,-1,-1,-1
6,-1,-1,1,5,9,-1,-1,-1,-1,-1,4,-1,-1,-1,-1
6,-1,-1,10,6,12,-1,-1,-1,-1,-1,4,-1,-1,-1,-1
6,-1,-1,-1,6,12,-1,-1,-1,-1,-1,4,-1,-1,-1,-1
6,-1,-1,-1,6,12,-1,-1,-1,-1,-1,4,-1,-1,-1,-1
6,-1,-1,-1,6,12,-1,-1,-1,-1,-1,4,-1,-1,-1,-1
6,3,-1,-1,6,12,-1,-1,-1,-1,-1,4,-1,-1,-1,-1
6,-1,-1,-1,6,12,-1,-1,-1,-1,14,4,-1,-1,-1,-1
6,-1,-1,-1,6,12,-1,-1,-1,-1,4,4,-1,-1,-1,-1
6,-1,-1,-1,6,12,-1,-1,-1,-1,4,-1,-1,-1,-1,-1
6,-1,-1,-1,6,12,-1,-1,-1,-1,4,-1,-1,-1,-1,-1
6,-1,-1,1,6,12,-1,-1,-1,-1,4,-1,-1,-1,-1,-1
6,-1,-1,10,6,12,-1,-1,-1,-1,4,-1,-1,-1,-1,-1
6,-1,-1,-1,6,12,-1,-1,-1,-1,4,-1,-1,-1,-1,-1
6,-1,-1,-1,6,12,-1,-1,-1,-1,4,-1,-1,-1,-1,-1
6,3,-1,-1,5,3,-1,-1,-1,-1,4,-1,-1,-1,-1,-1
6,-1,-1,-1,4,6,-1,-1,-1,-1,4,-1,-1,-1,-1,-1
6,-1,-1,-1,4,6,-1,-1,-1,1,5,-1,-1,-1,-1,-1
6,-1,-1,-1,4,6,-1,-1,-1,4,-1,-1,-1,-1,-1,-1
6,-1,-1,1,4,6,-1,-1,-1,4,-1,-1,-1,-1,-1,-1
6,-1,-1,10,4,6,-1,-1,-1,4,-1,-1,-1,-1,-1,-1
6,-1,-1,-1,4,6,-1,-1,-1,4,-1,-1,-1,-1,-1,-1
6,-1,-1,-1,4,6,-1,-1,-1,4,-1,-1,-1,-1,-1,-1
6,3,-1,-1,4,6,-1,-1,-1,4,-1,-1,-1,-1,-1,-1
6,-1,-1,-1,4,6,-1,-1,-1,4,-1,-1,-1,-1,-1,-1
6,-1,-1,-1,4,6,-1,-1,-1,4,-1,-1,-1,-1,-1,-1
6,-1,-1,-1,4,5,3,-1,-1,4,-1,-1,-1,-1,-1,-1
6,-1,-1,1,7,5,6,-1,-1,4,-1,-1,-1,-1,-1,-1
6,-1,-1,-1,10,4,6,-1,-1,4,-1,-1,-1,-1,-1,-1
6,-1,-1,-1,-1,4,6,-1,-1,4,-1,-1,-1,-1,-1,-1
6,-1,-1,-1,-1,4,6,-1,-1,4,-1,-1,-1,-1,-1,-1
6,3,-1,-1,-1,4,6,-1,-1,4,-1,-1,-1,-1,-1,-1
6,-1,-1,-1,-1,4,6,-1,-1,4,-1,-1,-1,-1,-1,-1
6,-1,-1,-1,-1,4,6,-1,4,4,-1,-1,-1,-1,-1,-1
6,-1,-1,-1,1,4,6,-1,4,-1,-1,-1,-1,-1,-1,-1
6,-1,-1,-1,14,4,6,-1,4,-1,-1,-1,-1,-1,-1,-1
6,-1,-1,-1,1,4,6,-1,4,-1,-1,-1,-1,-1,-1,-1
6,-1,-1,-1,10,4,6,-1,4,-1,-1,-1,-1,-1,-1,-1
6,-1,-1,-1,-1,4,6,-1,4,-1,-1,-1,-1,-1,-1,-1
6,3,-1,-1,-1,4,6,-1,4,-1,-1,-1,-1,-1,-1,-1
6,-1,-1,-1,-1,4,6,-1,4,-1,-1,-1,-1,-1,-1,-1
6,-1,-1,-1,-1,4,6,-1,4,-1,-1,-1,-1,-1,-1,-1
6,-1,-1,-1,-1,4,6,-1,4,-1,-1,-1,-1,-1,-1,-1
6,-1,-1,-1,-1,4,6,-1,4,-1,-1,-1,-1,-1,-1,-1
6,-1,-1,-1,-1,4,6,-1,4,-1,-1,-1,-1,-1,-1,-1
6,-1,-1,-1,1,4,6,-1,4,-1,-1,-1,-1,-1,-1,-1
6,-1,-1,-1,14,4,6,-1,4,-1,-1,-1,-1,-1,-1,-1
6,-1,-1,-1,1,4,6,-1,4,-1,-1,-1,-1,-1,-1,-1
6,-1,-1,-1,10,4,6,-1,4,-1,-1,-1,-1,-1,-1,-1
6,-1,-1,-1,-1,4,6,-1,4,-1,-1,-1,-1,-1,-1,-1
6,3,-1,-1,-1,4,6,-1,4,-1,-1,-1,-1,-1,-1,-1
6,10,-1,-1,-1,4,6,-1,4,-1,-1,-1,-1,-1,-1,-1
6,-1,-1,-1,-1,4,6,-1,4,-1,-1,-1,-1,-1,-1,-1
6,-1,-1,-1,1,4,6,-1,4,-1,-1,-1,-1,-1,-1,-1
6,-1,-1,-1,10,4,6,-1,4,-1,-1,-1,-1,-1,-1,-1
6,-1,-1,-1,-1,4,6,-1,4,-1,-1,-1,-1,-1,-1,-1
6,-1,-1,-1,-1,4,6,-1,4,-1,-1,-1,-1,-1,-1,-1
6,6,6,-1,1,4,6,-1,7,8,8,8,8,8,8,5
-1,-1,6,-1,-1,4,6,-1,-1,-1,-1,-1,-1,-1,-1,4
-1,-1,6,-1,-1,4,6,6,-1,-1,-1,-1,-1,-1,-1,4
-1,-1,6,-1,-1,4,6,-1,-1,-1,-1,-1,-1,-1,-1,4
-1,-1,6,3,-1,4,6,-1,-1,-1,-1,-1,-1,-1,-1,4
-1,-1,6,-1,-1,4,6,-1,-1,-1,-1,-1,-1,-1,4,4
-1,-1,6,-1,-1,4,6,-1,-1,-1,-1,-1,-1,-1,4,-1
-1,-1,6,-1,1,4,6,-1,-1,-1,-1,-1,-1,-1,4,-1
-1,-1,6,-1,-1,4,6,14,-1,-1,-1,-1,-1,-1,4,-1
-1,-1,6,-1,-1,4,5,3,-1,-1,-1,-1,-1,-1,4,-1
-1,-1,6,-1,-1,4,6,-1,-1,-1,-1,-1,-1,-1,4,-1
-1,-1,6,3,-1,4,6,-1,-1,-1,-1,-1,-1,-1,4,-1
-1,-1,6,-1,-1,4,6,-1,-1,-1,-1,-1,-1,-1,4,-1
-1,-1,6,-1,-1,4,6,-1,-1,-1,-1,-1,-1,-1,4,-1
-1,-1,6,-1,-1,4,6,-1,-1,-1,-1,-1,-1,-1,4,-1
-1,6,6,-1,-1,4,6,-1,-1,-1,-1,-1,-1,-1,4,-1
-1,6,-1,-1,3,4,6,-1,-1,-1,-1,-1,-1,-1,4,-1
-1,6,-1,-1,-1,4,6,-1,-1,-1,-1,-1,-1,-1,4,-1
-1,6,3,-1,-1,4,6,-1,-1,-1,-1,-1,-1,-1,4,-1
-1,6,-1,-1,-1,4,6,-1,-1,-1,-1,-1,-1,-1,4,-1
-1,6,-1,-1,1,4,6,-1,-1,-1,-1,-1,-1,-1,4,-1
-1,6,-1,-1,14,4,6,-1,-1,-1,-1,-1,-1,-1,4,-1
-1,6,-1,-1,1,4,6,-1,-1,-1,-1,-1,-1,-1,4,-1
-1,6,3,-1,-1,4,6,14,-1,-1,-1,-1,-1,-1,4,-1
-1,6,-1,-1,-1,4,5,3,-1,-1,-1,-1,-1,-1,4,-1
-1,6,-1,-1,-1,4,6,-1,-1,-1,-1,-1,-1,-1,4,-1
-1,6,-1,-1,-1,4,6,-1,-1,-1,-1,-1,-1,-1,4,-1
-1,6,-1,-1,1,4,6,-1,-1,-1,-1,-1,-1,-1,4,-1
-1,6,-1,-1,-1,4,6,-1,-1,-1,-1,-1,-1,-1,4,-1
-1,6,-1,-1,-1,4,6,-1,-1,-1,-1,-1,-1,-1,4,-1
-1,6,-1,-1,-1,4,6,-1,-1,-1,-1,-1,-1,-1,4,-1
5,8,3,-1,-1,4,6,-1,-1,-1,-1,-1,-1,-1,4,-1
6,-1,-1,-1,-1,4,6,-1,-1,-1,-1,-1,-1,-1,4,-1
6,-1,-1,-1,1,5,6,-1,-1,-1,-1,-1,-1,-1,4,-1
6,-1,-1,-1,-1,4,6,14,-1,-1,-1,-1,-1,-1,4,-1
5,3,-1,-1,-1,7,5,3,-1,-1,-1,-1,-1,-1,4,-1
6,-1,-1,-1,-1,-1,5,6,-1,-1,-1,-1,-1,-1,4,-1
6,-1,-1,-1,-1,-1,4,6,-1,-1,-1,-1,-1,-1,4,-1
6,-1,-1,-1,1,2,4,6,-1,-1,-1,-1,-1,-1,4,-1
6,-1,-1,-1,-1,14,4,6,-1,-1,-1,-1,-1,-1,4,-1
6,-1,-1,-1,-1,1,4,6,-1,-1,-1,-1,-1,-1,4,-1
6,-1,-1,-1,-1,-1,4,6,-1,-1,-1,-1,-1,-1,4,-1
6,-1,-1,-1,-1,-1,4,6,-1,-1,-1,-1,-1,-1,4,-1
6,-1,-1,-1,-1,-1,4,6,-1,-1,-1,-1,-1,-1,4,-1
5,3,-1,-1,-1,-1,4,6,-1,-1,-1,-1,-1,-1,4,-1
6,-1,-1,-1,-1,-1,4,6,-1,-1,-1,-1,-1,-1,4,-1
6,-1,-1,-1,-1,-1,4,6,-1,-1,-1,-1,-1,-1,4,-1
6,-1,-1,-1,-1,-1,4,6,14,-1,-1,-1,-1,-1,4,-1
6,-1,-1,-1,-1,1,5,5,3,-1,-1,-1,-1,-1,4,-1
6,-1,-1,-1,-1,-1,11,5,6,-1,-1,-1,-1,-1,4,-1
6,-1,-1,-1,-1,-1,11,4,6,-1,-1,-1,-1,-1,4,-1
6,3,-1,-1,-1,-1,11,4,6,-1,-1,-1,-1,-1,4,-1
6,-1,-1,-1,-1,-1,11,4,6,-1,-1,-1,-1,-1,4,-1
6,-1,-1,-1,-1,-1,11,4,6,-1,-1,-1,-1,-1,4,-1
6,-1,-1,-1,-1,-1,-1,4,6,-1,-1,-1,-1,-1,4,-1
6,-1,-1,-1,-1,-1,-1,4,6,-1,-1,-1,-1,-1,4,-1
6,6,-1,-1,-1,-1,-1,4,6,-1,-1,-1,-1,-1,4,-1
-1,6,-1,-1,-1,-1,-1,4,6,-1,-1,-1,-1,-1,4,-1
-1,6,-1,-1,-1,-1,-1,4,6,-1,-1,-1,-1,-1,4,-1
-1,6,-1,-1,-1,-1,1,4,6,-1,-1,-1,-1,-1,4,-1
-1,6,-1,-1,-1,-1,14,4,6,-1,-1,-1,-1,-1,4,-1
-1,6,-1,-1,-1,11,1,4,6,-1,-1,-1,-1,-1,4,-1
-1,6,-1,-1,-1,-1,-1,4,6,-1,-1,-1,-1,-1,4,-1
-1,6,-1,-1,-1,-1,-1,4,6,-1,-1,-1,-1,-1,4,-1
-1,6,-1,-1,-1,-1,-1,4,6,-1,-1,-1,-1,-1,4,-1
-1,6,3,-1,-1,-1,-1,4,6,-1,-1,-1,-1,-1,4,-1
6,-1,-1,-1,-1,-1,-1,4,6,-1,-1,-1,-1,-1,4,-1
6,-1,-1,-1,-1,-1,-1,4,6,-1,-1,-1,-1,-1,4,-1
6,-1,-1,-1,-1,-1,1,4,6,-1,-1,-1,-1,-1,4,-1
6,-1,-1,-1,-1,-1,-1,4,6,-1,-1,-1,-1,-1,4,-1
6,-1,-1,-1,-1,-1,14,4,6,-1,-1,-1,-1,-1,4,-1
6,-1,-1,-1,-1,-1,1,4,6,-1,-1,-1,-1,-1,4,-1
6,-1,-1,-1,-1,-1,-1,4,6,-1,-1,-1,-1,1,5,-1
6,-1,-1,-1,-1,-1,-1,4,6,-1,-1,-1,-1,4,-1,-1
6,3,-1,-1,-1,-1,-1,4,6,-1,-1,-1,-1,4,-1,-1
6,-1,-1,-1,-1,-1,-1,4,6,-1,-1,-1,-1,4,-1,-1
6,-1,-1,-1,-1,-1,-1,4,6,-1,-1,-1,-1,4,-1,-1
6,-1,-1,-1,-1,-1,1,4,6,-1,-1,-1,-1,4,-1,-1
6,-1,-1,-1,-1,-1,-1,4,6,-1,-1,-1,-1,4,-1,-1
6,-1,-1,-1,-1,-1,-1,4,6,-1,-1,-1,-1,4,-1,-1
6,3,-1,-1,-1,-1,14,4,6,-1,-1,-1,-1,4,4,4
6,-1,-1,-1,-1,-1,4,4,6,-1,-1,-1,-1,-1,-1,4
6,-1,-1,-1,-1,1,4,-1,6,-1,-1,-1,-1,-1,-1,4
6,-1,-1,-1,-1,14,4,-1,6,-1,-1,-1,-1,-1,-1,4
6,-1,-1,-1,-1,1,5,-1,6,-1,-1,-1,-1,-1,-1,4
6,-1,-1,-1,-1,-1,4,-1,6,-1,-1,-1,-1,-1,-1,4
5,3,-1,-1,-1,-1,4,-1,6,6,-1,-1,-1,-1,-1,4
6,-1,-1,-1,-1,-1,4,-1,-1,6,14,-1,-1,-1,-1,4
6,-1,-1,-1,-1,-1,4,-1,-1,6,6,-1,-1,-1,-1,4
6,-1,-1,-1,-1,-1,4,-1,-1,-1,6,-1,-1,-1,-1,4
6,-1,-1,-1,-1,1,8,8,5,-1,6,-1,-1,-1,-1,4
6,-1,-1,-1,-1,-1,-1,-1,7,-1,6,-1,-1,-1,-1,4
6,-1,-1,-1,-1,-1,-1,-1,7,-1,6,-1,-1,-1,-1,4
6,-1,-1,-1,-1,-1,-1,-1,7,-1,6,-1,-1,-1,-1,4
5,3,-1,-1,-1,-1,-1,-1,7,-1,6,-1,-1,-1,-1,4
6,-1,-1,-1,-1,-1,-1,-1,7,-1,6,-1,-1,-1,-1,4
6,-1,-1,-1,-1,-1,-1,14,7,-1,6,-1,-1,-1,-1,4
6,-1,-1,-1,-1,-1,-1,1,7,-1,6,-1,-1,-1,-1,4
6,-1,-1,-1,-1,-1,-1,-1,7,-1,6,-1,-1,-1,-1,4
6,-1,-1,-1,-1,-1,-1,-1,7,-1,6,-1,-1,-1,-1,4
5,2,3,-1,-1,-1,-1,-1,7,-1,6,-1,-1,-1,-1,4
6,-1,-1,-1,-1,-1,-1,-1,7,-1,6,-1,-1,-1,-1,4
6,-1,-1,-1,-1,-1,-1,-1,7,-1,6,-1,-1,-1,-1,4
6,-1,-1,-1,-1,-1,-1,-1,7,-1,6,-1,-1,-1,-1,4
6,-1,-1,-1,-1,-1,-1,1,7,-1,6,-1,-1,-1,-1,4
6,-1,-1,-1,-1,-1,-1,-1,7,-1,6,-1,-1,-1,-1,4
6,-1,-1,-1,-1,-1,-1,-1,7,-1,6,-1,-1,-1,-1,4
6,-1,-1,1,2,2,2,2,7,-1,6,-1,-1,-1,-1,4
6,-1,-1,-1,-1,-1,-1,-1,7,-1,6,-1,-1,-1,-1,4
6,-1,-1,-1,-1,-1,-1,-1,7,-1,6,-1,-1,-1,-1,4
6,-1,-1,-1,-1,-1,-1,-1,7,-1,6,-1,-1,-1,-1,4
6,-1,-1,-1,-1,-1,-1,14,7,-1,6,-1,-1,-1,-1,4
6,-1,-1,-1,-1,-1,-1,1,8,8,9,-1,-1,-1,-1,4
6,-1,-1,-1,-1,-1,-1,-1,-1,-1,-1,-1,-1,-1,-1,4
6,2,2,3,-1,-1,-1,-1,-1,-1,-1,-1,-1,-1,-1,4
6,-1,-1,10,-1,-1,-1,-1,-1,-1,-1,-1,-1,-1,-1,4
6,-1,-1,-1,-1,-1,-1,-1,-1,-1,-1,-1,-1,-1,-1,4
6,-1,-1,-1,-1,-1,-1,-1,-1,-1,-1,-1,-1,-1,-1,4
6,-1,-1,-1,-1,-1,-1,-1,-1,-1,-1,-1,-1,-1,-1,4
6,2,2,2,3,-1,-1,-1,-1,-1,-1,-1,-1,-1,-1,4
6,-1,-1,-1,-1,-1,-1,-1,-1,-1,-1,-1,-1,-1,-1,4
6,-1,-1,-1,-1,-1,-1,-1,-1,-1,-1,-1,-1,-1,-1,4
6,-1,-1,-1,-1,-1,-1,-1,-1,-1,-1,-1,-1,-1,-1,4
6,14,-1,-1,-1,-1,-1,-1,-1,-1,-1,-1,-1,-1,-1,4
6,2,2,2,2,2,2,3,-1,-1,-1,-1,-1,-1,-1,4
6,-1,-1,-1,-1,-1,-1,-1,-1,-1,-1,-1,-1,-1,-1,4
6,-1,-1,-1,-1,-1,-1,-1,-1,-1,-1,-1,-1,-1,-1,4
6,-1,-1,-1,-1,-1,-1,-1,-1,-1,-1,-1,-1,-1,-1,4
6,-1,-1,-1,-1,-1,-1,-1,-1,-1,14,-1,-1,-1,-1,4
6,-1,-1,-1,-1,-1,-1,-1,-1,-1,1,2,2,2,2,4
6,14,-1,-1,-1,-1,-1,-1,-1,-1,-1,-1,-1,-1,-1,4
6,3,-1,-1,-1,-1,-1,-1,-1,-1,-1,-1,-1,-1,-1,4
6,-1,-1,-1,-1,-1,-1,-1,-1,-1,-1,-1,-1,-1,-1,4
6,-1,-1,-1,-1,-1,-1,-1,-1,-1,-1,-1,-1,-1,-1,4
6,-1,-1,-1,-1,-1,-1,-1,-1,-1,-1,-1,-1,-1,-1,4
6,-1,-1,-1,-1,-1,-1,-1,-1,-1,-1,-1,-1,-1,-1,4
6,14,-1,14,-1,-1,-1,-1,-1,-1,-1,-1,-1,-1,-1,4
5,2,2,3,-1,-1,-1,-1,-1,-1,-1,-1,-1,-1,-1,4
6,-1,-1,-1,-1,-1,-1,-1,-1,-1,-1,-1,-1,-1,-1,4
6,-1,-1,-1,-1,-1,-1,-1,-1,-1,-1,-1,-1,-1,-1,4
6,14,-1,14,-1,14,-1,13,13,13,14,-1,14,-1,14,4
5,2,2,2,2,2,2,2,2,2,2,2,2,2,2,5
